"conversation_id_str","created_at","favorite_count","full_text","id_str","image_url","in_reply_to_screen_name","lang","location","quote_count","reply_count","retweet_count","tweet_url","user_id_str","username"
"1827394841426456962","Sat Aug 24 23:59:54 +0000 2024","3","@CowgirlShebop Aint no way bro LMAOOOOO what the fuck was allat i just read","1827496084391801338","","CowgirlShebop","en","","0","0","0","https://x.com/Rxdiostxt1c/status/1827496084391801338","1354920751040786434","Rxdiostxt1c"
"1827496083943006279","Sat Aug 24 23:59:54 +0000 2024","1","The girl almost fell bro","1827496083943006279","","","en","Lagos, Nigeria","0","0","0","https://x.com/AfolabiDewale/status/1827496083943006279","1635336377075113989","AfolabiDewale"
"1825272059439505589","Sat Aug 24 23:59:54 +0000 2024","0","@mordecaibrother @startstrikin bro ","1827496083746066687","","mordecaibrother","und","","0","0","0","https://x.com/zancat21/status/1827496083746066687","1306512793621782528","zancat21"
"1827496082823377363","Sat Aug 24 23:59:54 +0000 2024","103","ain t no way bro https://t.co/KkRXHHNOHx","1827496082823377363","https://pbs.twimg.com/amplify_video_thumb/1827496001579499521/img/bz1zD57xZMFD7Ph4.jpg","","en","Dm4üõéÔ∏è","1","31","4","https://x.com/RoroDaMenace/status/1827496082823377363","1627616348267491328","RoroDaMenace"
"1827493316406943834","Sat Aug 24 23:59:53 +0000 2024","0","@london_Akan @LouieDi13 Baba u too much thanks I won 28k from ur game am grateful bro","1827496082131021854","","london_Akan","en","Port-harcourt","0","0","0","https://x.com/Kclinkss/status/1827496082131021854","2915976071","Kclinkss"
"1826965716198629814","Sat Aug 24 23:59:52 +0000 2024","0","@creepydotorg JESUS CHRIST DIDN'T Y'ALL SEE ANY TERMINATOR MOVIE?","1827496077484028408","","creepydotorg","en","","0","0","0","https://x.com/Tudor69382244/status/1827496077484028408","1171898670444359682","Tudor69382244"
"1827495694573183303","Sat Aug 24 23:59:51 +0000 2024","3","@pumpkinpalx bro be like honk shooooo honk mimimimimimi","1827496074078040278","","pumpkinpalx","in","18+ | she/her","0","0","0","https://x.com/_batsinthewoods/status/1827496074078040278","1462890841639309318","_batsinthewoods"
"1827496073213939717","Sat Aug 24 23:59:51 +0000 2024","1","I m pretty sure there are nice LesMand/ArmandStat NickiStat and Devil s Minions shippers but bro sometimes I ll run across them in the wild and why are a lot of them so antiblack omg (and yes I used antiblack specifically because that s different than just being racist).","1827496073213939717","","","en","req ok 23,18+, any prns, bi ","0","1","0","https://x.com/amigarafault_/status/1827496073213939717","1754922388062666753","amigarafault_"
"1827237724023111686","Sat Aug 24 23:59:50 +0000 2024","1","@ronniestrr YOURE FAMOUS NOW BRO","1827496068298502555","","n1njaflowers","en","‚óÜ art cr: 23amigirl","0","1","0","https://x.com/shumikameow/status/1827496068298502555","1679383166790844416","shumikameow"
"1827470811189702701","Sat Aug 24 23:59:50 +0000 2024","2","@smartassanarcho Bro what is that ugly ass thing","1827496067992318155","","smartassanarcho","en","Butt Frick California","0","0","0","https://x.com/AnarchoJayy/status/1827496067992318155","1814810527157399554","AnarchoJayy"
"1827105187271708787","Sat Aug 24 23:59:50 +0000 2024","1","@csillyyyy ","1827496066230472937","","csillyyyy","qme","NYC","0","0","0","https://x.com/BroBradMan/status/1827496066230472937","1472426958273265667","BroBradMan"
"1827496064695337193","Sat Aug 24 23:59:49 +0000 2024","1","bro when i was buying pastelitos earlier today it was so awkward i was a dollar short but the man still let me have them... ","1827496064695337193","","","en","‚Çç ·§≥ùÖò Ã´·™≤ùÖò·§≥‚Çé","0","0","0","https://x.com/riceclaw/status/1827496064695337193","1516901519509049346","riceclaw"
"1827058914422075659","Sat Aug 24 23:59:49 +0000 2024","2","@NoirRaphanus @DKunstenaar @Nanisimo Mira ya lo sabemos el bro se quer√≠a hacer el interesante chacho hablando es slang . Porque por conocimientos de ciencia b√°sica tampoca va a destacar que tiene menos neuronas que un zurullo","1827496063869067672","","RabanoirTheDark","es","","0","2","0","https://x.com/ComandanteVazq1/status/1827496063869067672","1176543355876139008","ComandanteVazq1"
"1827075765256818841","Sat Aug 24 23:59:49 +0000 2024","0","@Nerd_ula Bro said )C:","1827496062199726104","","Nerd_ula","en","","0","0","0","https://x.com/meepolur21/status/1827496062199726104","1417278141404438528","meepolur21"
"1827495403593326608","Sat Aug 24 23:59:48 +0000 2024","0","@vivi_lili1 I think to be a lawyer too cheap at naija oo because every bro fit be lawyer for there","1827496058257113245","","vivi_lili1","en","","0","0","0","https://x.com/Anita834554981/status/1827496058257113245","1453650101163937793","Anita834554981"
"1827439359412609104","Sat Aug 24 23:59:48 +0000 2024","0","@tariqali200380 @mtariqali200380 Such kaha bro","1827496057556607337","","tariqali200380","tl","","0","0","0","https://x.com/Mrr_JuNi/status/1827496057556607337","1192100032230637568","Mrr_JuNi"
"1827492715400958306","Sat Aug 24 23:59:48 +0000 2024","1","@rrjunki @5upDon @rrnotdead yea bro die rn","1827496057531404368","","rrjunki","en","Japan","0","6","0","https://x.com/joe1upp/status/1827496057531404368","1575507949128237056","joe1upp"
"1827420669946069306","Sat Aug 24 23:59:47 +0000 2024","1","@SirTimothyPE Bro crashed out ‚ÄºÔ∏è‚ÄºÔ∏è","1827496056239603967","","SirTimothyPE","en","Exile","0","0","0","https://x.com/Youloose90/status/1827496056239603967","1572587713999654912","Youloose90"
"1827459110142668822","Sat Aug 24 23:59:47 +0000 2024","0","@CynicTK @ChadsRcool @LT_YOLO Bro ... neither of them were conservative and not a chance in hell either of them could have overcome the historic nature of Obama as president .... you are correct X isnt real life ... Trump 2024","1827496054994157950","","CynicTK","en","","0","1","0","https://x.com/jarbot15/status/1827496054994157950","1352771896262029314","jarbot15"
"1827496054176063853","Sat Aug 24 23:59:47 +0000 2024","1","Bro ","1827496054176063853","","","und","Dallas, TX","0","1","0","https://x.com/beautifullmee4/status/1827496054176063853","950435923640041472","beautifullmee4"
"1827489322678808679","Sat Aug 24 23:59:31 +0000 2024","1","@HommiesDrey U are a soothsayer Bro.","1827495989520867335","","HommiesDrey","en","","0","0","0","https://x.com/OkworiDeco/status/1827495989520867335","2462334370","OkworiDeco"
"1827495987927232874","Sat Aug 24 23:59:31 +0000 2024","0","bro lupa s1 bisa jadi pangkat lebih tinggi dari dia tanpa mengeluarkan duit sebesar dia","1827495987927232874","","","in","20‚Üë they/she.","0","0","0","https://x.com/yuminouz/status/1827495987927232874","779321430","yuminouz"
"1827495572774781091","Sat Aug 24 23:59:30 +0000 2024","3","@Jeremyybtc Never stepping foot there myself again bro","1827495984609231065","","Jeremyybtc","en","Space","0","1","0","https://x.com/willchordson/status/1827495984609231065","1731673209747959808","willchordson"
"1827495984009461852","Sat Aug 24 23:59:30 +0000 2024","1","sooo is bro alive orrr","1827495984009461852","","","en","she/her 25","0","0","0","https://x.com/decodethemonstr/status/1827495984009461852","2883912320","decodethemonstr"
"1827479123414880577","Sat Aug 24 23:59:30 +0000 2024","2","@daily1punch bro is a time traveler","1827495982843752736","","daily1punch","en","","0","0","0","https://x.com/Rocket_PChain/status/1827495982843752736","1571211732793626625","Rocket_PChain"
"1827013541838098574","Sat Aug 24 23:59:29 +0000 2024","0","@Famelica_legion Que vaaaaa no merece la pena ni las ganas son el liquidillo que la basura no quiere es mejor dialogar con personas.","1827495980184354816","","Famelica_legion","es","Filibusteros del Caribe","0","0","0","https://x.com/unossinsentid2/status/1827495980184354816","1523950241090883585","unossinsentid2"
"1827482355952738581","Sat Aug 24 23:59:29 +0000 2024","1","@TherealStevius Lolllllll. Heard gator is actually delicious. I know personally shark is delicious. But yeah bro been to both Carolinas great states to live bro. Great place for you and the wife to chill and retire","1827495978686922769","","TherealStevius","en","LB-426","0","0","0","https://x.com/StereoRifles/status/1827495978686922769","1064008013000908800","StereoRifles"
"1827469673836728563","Sat Aug 24 23:59:28 +0000 2024","0","@vzxga Merci bro Ô∏è","1827495976401014786","","vzxga","it","","0","0","0","https://x.com/kvrdistark/status/1827495976401014786","795886449371545600","kvrdistark"
"1827416342649303319","Sat Aug 24 23:59:28 +0000 2024","1","@RICHSH00TER @UtdEIIis legend bro https://t.co/jceok0FsdS","1827495975788650616","https://pbs.twimg.com/ext_tw_video_thumb/1827394024853954560/pu/img/9vYvM9CQ9FJ8EYsi.jpg","RICHSH00TER","en","","0","0","0","https://x.com/neymarisgoat/status/1827495975788650616","1299845619511631872","neymarisgoat"
"1827307904921382984","Sat Aug 24 23:59:28 +0000 2024","0","@love_firfir real bro ( also i spy the loml in that repost section *giggles*)","1827495975516246506","","love_firfir","en","any prns ‚îÄ .‚ú¶ meow üêà","0","0","0","https://x.com/fkhaoism/status/1827495975516246506","1523079449712812032","fkhaoism"
"1827495975507935329","Sat Aug 24 23:59:28 +0000 2024","0"," Aye bro imma gone head and kick you out I let people know wassup ","1827495975507935329","","","en","Long Beach, CA","0","0","0","https://x.com/SamuraiRazr/status/1827495975507935329","51843840","SamuraiRazr"
"1827487721369092441","Sat Aug 24 23:59:28 +0000 2024","1","@Torny_Redhair Buenas noches bro https://t.co/aytAtckyuz","1827495975327560090","https://pbs.twimg.com/media/GVyR5SQXIAAHDO4.jpg","Torny_Redhair","es","","0","0","0","https://x.com/multirols/status/1827495975327560090","1568004973287415811","multirols"
"1827469451035603437","Sat Aug 24 23:59:27 +0000 2024","0","@ih8terr0rists @MediumSizeMeech Bro trys to act like he isn t the problem while telling everyone he is the problem ","1827495973599281416","","ih8terr0rists","en","Ohio, USA","0","0","0","https://x.com/JJJohney/status/1827495973599281416","1652447347849175041","JJJohney"
"1827421352586047981","Sat Aug 24 23:59:27 +0000 2024","0","@Js0582 Perem kota mana nih bro","1827495971267182818","","Js0582","in","","0","0","0","https://x.com/akut1010/status/1827495971267182818","1756988812939673600","akut1010"
"1827495971246285199","Sat Aug 24 23:59:27 +0000 2024","3","jay z got some ridiculous bars bro","1827495971246285199","","","en","","0","0","2","https://x.com/InvaderNaij/status/1827495971246285199","1547869718358347777","InvaderNaij"
"1827372905195274254","Sat Aug 24 23:59:26 +0000 2024","0","@yukiitsunoda Bro hit the Ô∏è","1827495968918663255","","yukiitsunoda","en","","0","0","0","https://x.com/Eximeset/status/1827495968918663255","1757983964349054976","Eximeset"
"1827495967798546564","Sat Aug 24 23:59:26 +0000 2024","0","Kendrick glazers are not real bro","1827495967798546564","","","en","Mount Olympus","0","0","0","https://x.com/XimDCS/status/1827495967798546564","1799938042238578688","XimDCS"
"1827495967341621549","Sat Aug 24 23:59:26 +0000 2024","2","I NEED THAT PIC WITH MESSI BIG BRO","1827495967341621549","","","en","Chicago, IL","0","0","0","https://x.com/ctaylor43/status/1827495967341621549","304763797","ctaylor43"
"1827406361820590230","Sat Aug 24 23:59:25 +0000 2024","1","@csillyyyy NO","1827495965143486700","","csillyyyy","und","NYC","0","0","0","https://x.com/BroBradMan/status/1827495965143486700","1472426958273265667","BroBradMan"
"1827462717252276436","Sat Aug 24 23:59:25 +0000 2024","2","@ImNotChris06 Bro wat r u talkn bout how does me telling her teammates too pass the ball anti black ","1827495963285491859","","ImNotChris06","en","","0","1","0","https://x.com/C_xltur3/status/1827495963285491859","1690120713330376704","C_xltur3"
"1827495860688588863","Sat Aug 24 23:59:25 +0000 2024","2","@JosxhGarcia Ni el pene bro ","1827495962907980185","","JosxhGarcia","es","","0","1","0","https://x.com/raul_alex1411/status/1827495962907980185","1371677747559337989","raul_alex1411"
"1827390417421160691","Sat Aug 24 23:59:25 +0000 2024","2","@AustinThe_Bear Bro they will freak out by how many heros and villains don't even have powers . Imagine some one trying to fight Mysterio bro pulling up with all kinds of bs on them. he's no doubt going to pull this again for the lols https://t.co/8SotzXi2X6","1827495962698306039","https://pbs.twimg.com/tweet_video_thumb/GVyR4qdXoAA1xco.jpg","SpectralLog","en","","0","0","0","https://x.com/SpectralLog/status/1827495962698306039","1720910856865656833","SpectralLog"
"1827495848919339343","Sat Aug 24 23:59:24 +0000 2024","1","@roseemew Bro ","1827495960445890952","","roseemew","und","","0","1","0","https://x.com/rubik3d/status/1827495960445890952","1612649106630926336","rubik3d"
"1827481200661074315","Sat Aug 24 23:59:24 +0000 2024","1","@Premier_Ball0 Pandemonium! I've only seen it once and lemme tell ya bro is NOT easy on a 1440p monitor","1827495956851331205","","Premier_Ball0","en","üôÉ","0","1","0","https://x.com/NewAgeDerpDerp/status/1827495956851331205","4086509722","NewAgeDerpDerp"
"1827124091733545119","Sat Aug 24 23:59:23 +0000 2024","0","@NowlandSam No problem bro!","1827495955970625765","","NowlandSam","pt","New Smyrna Beach, Florida","0","0","0","https://x.com/TeslaQuirk/status/1827495955970625765","566805100","TeslaQuirk"
"1827489619975483573","Sat Aug 24 23:59:23 +0000 2024","3","@dhemit_is_back @neohistoria_id Terusik kita liat tweet dia ini bro..","1827495954997768616","","dhemit_is_back","in","Jakarta Capital Region, Indone","0","1","0","https://x.com/Hasbil_Lbs/status/1827495954997768616","931419055549906944","Hasbil_Lbs"
"1827455071946207405","Sat Aug 24 23:59:23 +0000 2024","4","@onlydjole No bro Putin weaponized Musk ","1827495953512697887","","onlydjole","en","Alone I walk, NFA","0","1","0","https://x.com/Prime_is_Back/status/1827495953512697887","1418512719578386435","Prime_is_Back"
"1827487560345776291","Sat Aug 24 23:59:22 +0000 2024","0","@sgtfilthy Bro did you reply yes. Seems legit af","1827495952191824363","","sgtfilthy","en","Stycks House, Mythic Mayhem","0","1","0","https://x.com/stycksintern/status/1827495952191824363","1616320296340066304","stycksintern"
"1827296181032046642","Sat Aug 24 23:59:22 +0000 2024","0","@Lululululukaka_ @trstnpn @jusigris Bro","1827495951818248422","","Lululululukaka_","und","A Hidden Cove","0","0","0","https://x.com/nut_pirate/status/1827495951818248422","1733345714321641472","nut_pirate"
"1827490114894762148","Sat Aug 24 23:59:22 +0000 2024","0","@IDKbro_nft @LIQQ_the_Coin lessgo bro. why bro? IDKbro","1827495951042248820","","IDKbro_nft","ht","Florida, USA","0","0","0","https://x.com/JaeRo420/status/1827495951042248820","1772093430698590208","JaeRo420"
"1827450187163570245","Sat Aug 24 23:59:22 +0000 2024","0","@J0N45__ DM bro!","1827495950819967377","","J0N45__","en","Netherlands üá≥üá±","0","0","0","https://x.com/altshiftisdope/status/1827495950819967377","1653681361","altshiftisdope"
"1827483247682474103","Sat Aug 24 23:59:22 +0000 2024","14","@redpillgoku @TheOmniLiberal Why do you have this pic of him saved lil bro","1827495950233039316","","redpillgoku","en","","0","0","0","https://x.com/modelotime/status/1827495950233039316","1619825728736071681","modelotime"
"1827453913144135994","Sat Aug 24 23:59:21 +0000 2024","0","@FitzyLeakz Happy birth day bro ","1827495947804225846","","FitzyLeakz","en","Road To Tilted","0","0","0","https://x.com/valentyFNBR/status/1827495947804225846","1265046690060480513","valentyFNBR"
"1827484010215301413","Sat Aug 24 23:59:21 +0000 2024","1","@ftblhassan More life my bro","1827495947347104058","","ftblhassan","en","New York, USA","0","0","0","https://x.com/Michael_Grigs26/status/1827495947347104058","3101831433","Michael_Grigs26"
"1827494683582591484","Sat Aug 24 23:59:21 +0000 2024","0","@priinzeur ùìò'ùì∂ ùì∞ùì∏ùì∑ùì∑ùì™ ùìΩùì∏ùìæùì¨ùì± ùîÇùì∏ùìæ lil bro","1827495946659192954","","nuziologist","en","„Ç§„É¥„Ç°„É≥„ÅåÊÅã„Åó„ÅÑ","0","2","0","https://x.com/zenitsulogist/status/1827495946659192954","1786464412536041472","zenitsulogist"
"1827494767342559240","Sat Aug 24 23:59:20 +0000 2024","1","@REKITOSHI same bro","1827495943240864219","","REKITOSHI","en","14 anos","0","0","0","https://x.com/shoyikeke/status/1827495943240864219","1684349633823121408","shoyikeke"
"1827495918871949375","Sat Aug 24 23:59:14 +0000 2024","0","Oh sh1t Elon! You going to be okay bro? Hope that kitchen sink gets through Russian customs. #Telegram #PavelDurov #DurovArrest","1827495918871949375","","","en","UK","0","0","0","https://x.com/ChignelTurner/status/1827495918871949375","1621003009378471936","ChignelTurner"
"1827365420120043629","Sat Aug 24 23:59:14 +0000 2024","7","@Angelsaasj Bro should kiss each other","1827495918155002250","","Angelsaasj","en","fictional character ","0","0","0","https://x.com/laylallewelly/status/1827495918155002250","1810485171235500032","laylallewelly"
"1827492016776999350","Sat Aug 24 23:59:14 +0000 2024","1","@_WWjayD LMAO! Mannn this hip is OUT! Shakira would frown upon me. Thank you bro! ","1827495917047734456","","_WWjayD","en","Hidden Hills, CA","0","1","0","https://x.com/CrashTFoutKJ/status/1827495917047734456","212034198","CrashTFoutKJ"
"1827495917034819794","Sat Aug 24 23:59:14 +0000 2024","3","Y'all are a bunch of kids lol.","1827495917034819794","","","en","your highness/your majesty","0","1","0","https://x.com/BroJoeChiRho/status/1827495917034819794","2815394001","BroJoeChiRho"
"1827493245963706468","Sat Aug 24 23:59:14 +0000 2024","1","@Klim2009KM As√≠ es la vida bro","1827495916800008300","","zork2009","es","En mi trabajo o con mi familia","0","1","0","https://x.com/mc_dogday/status/1827495916800008300","1520599622753918976","mc_dogday"
"1827495481464770827","Sat Aug 24 23:59:14 +0000 2024","1","@KCSportsPlug Lil bro is building an empire","1827495916200177689","","KCSportsPlug","en","17","1","1","0","https://x.com/WITT_SZN7/status/1827495916200177689","1093677398317502466","WITT_SZN7"
"1827490103528190114","Sat Aug 24 23:59:13 +0000 2024","0","@RMout29 Bro while I m being funny I am too cause I don t see Dak here next season but I gotta joke this pain away lol","1827495914887364923","","RMout29","en","Grand Prairie, TX","0","1","0","https://x.com/Clo_Dagreat/status/1827495914887364923","132438012","Clo_Dagreat"
"1827495914325647557","Sat Aug 24 23:59:13 +0000 2024","1","no bro ya reprobaste la primer prueba","1827495914325647557","","","es","","0","0","0","https://x.com/DamnSpaceGirl/status/1827495914325647557","1326742858091663362","DamnSpaceGirl"
"1827198856271909049","Sat Aug 24 23:59:13 +0000 2024","0","@verqhclips @awfullottakash bro ur such a loser did u hear what u jus said? snap into reality and live ur own life","1827495913432244268","","GlobeSZN","en","","0","0","0","https://x.com/Andy10867237989/status/1827495913432244268","1752691368416440320","Andy10867237989"
"1827495911146324417","Sat Aug 24 23:59:13 +0000 2024","0","Í∑ºÎç∞ Ïö∞Î¶¨Í∞ÄÏ°±ÏùÄ ÏãúÎü¨ÌñÑ „Ö†„Ö† Í∑∏ÎûòÏÑú ÎÇòÌòºÏûêÎã§Î®πÏùÑÏàòÏûàÏñ¥ ^^~","1827495911146324417","","","ko","Ìòï(hyung) / „Éã„Ç§","0","0","0","https://x.com/cuehf_bro/status/1827495911146324417","1012253343031234560","cuehf_bro"
"1827493272010252550","Sat Aug 24 23:59:12 +0000 2024","1","@TheSportsGuru91 Man bro dudes are so emasculated now! And yes dating now is for the birds!","1827495910256918972","","TheSportsGuru91","en","Indiana, USA","0","1","0","https://x.com/Monteano40/status/1827495910256918972","1827360849352097792","Monteano40"
"1827495675216478218","Sat Aug 24 23:59:12 +0000 2024","0","Like bro why are you raising your voice when it s lap 6","1827495906721329225","","ZackaryHunter","en","","0","1","0","https://x.com/ZackaryHunter/status/1827495906721329225","32311423","ZackaryHunter"
"1827492672778727898","Sat Aug 24 23:59:11 +0000 2024","16","@jwkbwis Notice the loud silence from Koo when he started talking about not meeting up with Tae cus pretty boy couldn t relate since he was just in Hawaii after traveling over nine hrs to meet up with his awkward bro that missed him. Some people wish they re given such priority ","1827495906112860189","","","en","TK","1","0","1","https://x.com/onlyforjkv/status/1827495906112860189","1700488987515695104","onlyforjkv"
"1827478923216642101","Sat Aug 24 23:59:11 +0000 2024","1","@ObiesieStanley Happy Sunday bro","1827495906007986418","","ObiesieStanley","en","","0","0","0","https://x.com/felixofficialug/status/1827495906007986418","1489166809542455296","felixofficialug"
"1827489133138182161","Sat Aug 24 23:59:11 +0000 2024","0","@jins1ksheart bro i wanted this too LMFAOO but im scared of it messing with my teeth and also ik the healing process is a BITCH","1827495905538261042","","jins1ksheart","en","New York, USA","0","1","0","https://x.com/stardazey/status/1827495905538261042","897217648513224704","stardazey"
"1827063767454130589","Sat Aug 24 23:59:11 +0000 2024","4","@theMadridZone @marca @PSGINT_ @Anass_PSG @19LKI @TheSomalianLad @PSG_Aminn @AfoakwaYaa40450 bro. Wtf is this PR ","1827495903436943689","","theMadridZone","en","Marseilles trophies after 2012","0","3","0","https://x.com/Jgeorgepsg/status/1827495903436943689","1814643845210255361","Jgeorgepsg"
"1827076292564422763","Sat Aug 24 23:59:11 +0000 2024","1","@hash_tom_ Nah bro","1827495902954844466","","hash_tom_","in","","0","0","1","https://x.com/isnan_agengs/status/1827495902954844466","1453038017472385028","isnan_agengs"
"1827493914703753302","Sat Aug 24 23:59:10 +0000 2024","2","@MMAThanos Gotta love it bro","1827495901192941743","","FinalXNotices","en","","0","0","0","https://x.com/chiefofcombat/status/1827495901192941743","1555679866820993048","chiefofcombat"
"1827483710347702563","Sat Aug 24 23:59:10 +0000 2024","2","@CodeXBT @rebranded_g @chevenche he ain t giving nothing to me bro he was just saying he was giving it out.","1827495901046145118","","CodeXBT","en","","0","0","0","https://x.com/karoblaq/status/1827495901046145118","1527760105265147904","karoblaq"
"1827477513108353339","Sat Aug 24 23:59:03 +0000 2024","1","@Rextheanonymous bro ","1827495870738125231","","Rextheanonymous","und","therapy","0","0","0","https://x.com/notthatcrazyfr/status/1827495870738125231","1497265339272474632","notthatcrazyfr"
"1827493970303234395","Sat Aug 24 23:59:03 +0000 2024","1","@Luxorite1 BRO WHY IN CAPS","1827495870163775853","","Luxorite1","en","","0","1","0","https://x.com/weirdcharspring/status/1827495870163775853","1536942013706293248","weirdcharspring"
"1827492776327704753","Sat Aug 24 23:59:03 +0000 2024","0","@colomedz Logout login bro gw kemarin jg gini trs gw login lagi sempet gabisa akhirnya gw perbarui dulu web chrome terus gw baru login lagi abis itu bisa","1827495869425578458","","ortega100persen","in","sheryl bodyguard. ","0","0","0","https://x.com/kickjest/status/1827495869425578458","43758067","kickjest"
"1827488836408013161","Sat Aug 24 23:59:03 +0000 2024","0","@abir6067 Walikum salam happy Morning bro","1827495869349818473","","abir6067","tl","Muscat, Omanüá¥üá≤üáµüá∞","0","0","0","https://x.com/MrSaim77/status/1827495869349818473","1756667938034106369","MrSaim77"
"1827495868414751084","Sat Aug 24 23:59:02 +0000 2024","0","Bro knows communism will save the earth","1827495868414751084","","","en","Dallas, TX","0","0","0","https://x.com/midmavsRevenge/status/1827495868414751084","1753279848238264320","midmavsRevenge"
"1827495867915362538","Sat Aug 24 23:59:02 +0000 2024","0","Bro actually why is the world so fucking boring why can't we have some like magic school or monsters we fight or soulmate au or like just magic powers no school needed or like literally anything fun I'm genuinely going insane this is so boring I would rather be Kim Dokja then me","1827495867915362538","","","en","my own personal hell","0","0","0","https://x.com/kdjsluver/status/1827495867915362538","1826378432705445888","kdjsluver"
"1827492475847766522","Sat Aug 24 23:59:02 +0000 2024","1","@Jimbo_Wise @ThatDudeBBQ @FireHatchRubs Bro love the variety That queso is going to hit hard ","1827495867860881806","","Jimbo_Wise","en","Loganville, GA","0","1","0","https://x.com/DadsSeasonings/status/1827495867860881806","1522881390487949313","DadsSeasonings"
"1827495866296324471","Sat Aug 24 23:59:02 +0000 2024","1","2012 was such a fire year bro","1827495866296324471","","","en","","0","0","0","https://x.com/DonDyce/status/1827495866296324471","1306789586060931072","DonDyce"
"1827063767454130589","Sat Aug 24 23:59:02 +0000 2024","0","@theMadridZone @marca Wtf I don't seem to understand what am seeing here bro wanna explain further??","1827495864660623682","","theMadridZone","en","","0","0","0","https://x.com/Big_Muffass/status/1827495864660623682","1748234584750166016","Big_Muffass"
"1827495860625645836","Sat Aug 24 23:59:01 +0000 2024","1","bro think he cool (I've got this from about 8 months of playing fortnite. already equates to 100 days.) https://t.co/CuXQxnPyPl","1827495860625645836","https://pbs.twimg.com/media/GVyRuLeWYAAzhSb.png","","en","","0","2","0","https://x.com/lilparrot4/status/1827495860625645836","1476042207262121984","lilparrot4"
"1826832261418786863","Sat Aug 24 23:58:59 +0000 2024","1","@BuckROCKGROIN @IncelsCo yeah he calls out the BS from all the red pill guys. He probably has the most realistic take on society and relationships today. He doesnt give just bland advice like:'' bro just go outside be confident lift weights''","1827495852664930537","","BuckROCKGROIN","en","","0","0","0","https://x.com/RNajawe/status/1827495852664930537","1497529240748797953","RNajawe"
"1827487070908248141","Sat Aug 24 23:58:57 +0000 2024","0","@olafkswg @MitaoCatCS bro makes no $ when withdrawing ","1827495847308800501","","olafkswg","en","New York","0","1","0","https://x.com/LaidanCS/status/1827495847308800501","929699130288599041","LaidanCS"
"1827386616584823029","Sat Aug 24 23:58:57 +0000 2024","0","@timistrator Me too bro","1827495844553101715","","timistrator","en","A F R I C A  üåç ","0","0","0","https://x.com/RichKhalifa18/status/1827495844553101715","979839668249419776","RichKhalifa18"
"1825915655444640216","Sat Aug 24 23:58:38 +0000 2024","2","@superlanden @mist5fifty @injunjohn86 @ChefPacoAlmeida @oledoteth You could at least try not crying it isn't that hard bro","1827495764752248892","","superlanden","en","Comprando Tuco","0","0","0","https://x.com/RembolsoDeTuco/status/1827495764752248892","1091840220167921665","RembolsoDeTuco"
"1827384368584659166","Sat Aug 24 23:58:38 +0000 2024","0","@K0ll3X Michael Jackson bro","1827495764454724068","","kairaoxox","ht","England, United Kingdom","0","0","0","https://x.com/Minlcvi/status/1827495764454724068","1520742928980787203","Minlcvi"
"1827492998776561805","Sat Aug 24 23:58:38 +0000 2024","0","@bennyjohnson Bro it is the BEST. We must fight and we must win","1827495764030857599","","bennyjohnson","en","","0","0","0","https://x.com/SuburbanBevrage/status/1827495764030857599","1661419373150470163","SuburbanBevrage"
"1826358629886267803","Sat Aug 24 23:58:37 +0000 2024","0","@DryfitVenables WHAT HAPPENED BRO!?!?","1827495761690739157","","DryfitVenables","en","","0","0","0","https://x.com/JuliusPPwood/status/1827495761690739157","1434555835145916416","JuliusPPwood"
"1827490555170902267","Sat Aug 24 23:58:36 +0000 2024","1","@Jothampower1 @Wizarab10 Thanks bro","1827495758054006999","","Jothampower1","en","Nigeria","0","0","0","https://x.com/Davis_media12/status/1827495758054006999","1802866593690509312","Davis_media12"
"1827495757949124916","Sat Aug 24 23:58:36 +0000 2024","0","Oh my god bro check the highlight this chick is a demon @TaiyoYozakura","1827495757949124916","","","en","Over there ","0","0","0","https://x.com/JustTrashMedia/status/1827495757949124916","1579199372067209221","JustTrashMedia"
"1827450273180045639","Sat Aug 24 23:58:36 +0000 2024","2","@iamrobtv Cmon bro you gotta hang this one up Kratos ain t winning","1827495757596827799","","iamrobtv","en","","0","0","0","https://x.com/T0NYCENO/status/1827495757596827799","1628148805706170370","T0NYCENO"
"1827495755654787274","Sat Aug 24 23:58:36 +0000 2024","0","Practicing not saying shit back to people when they disrespect me. Shit hard bro.","1827495755654787274","","","en","New Orleans, LA","0","0","0","https://x.com/vsjamo/status/1827495755654787274","2657079061","vsjamo"
"1827482707263168706","Sat Aug 24 23:58:35 +0000 2024","0","@KaiserNeko What would you do if some tech bro got a DODGE themed cyber truck?","1827495755214471364","","KaiserNeko","en","Your mom‚Äôs house","0","1","0","https://x.com/sammid00d/status/1827495755214471364","937332679875420160","sammid00d"
"1827495753389859257","Sat Aug 24 23:58:35 +0000 2024","275","Bro people will make any excuse to downplay AGL VB looking good lmao We really saying running a unit under a 200% leader skill is disingenuous now? Hilarious https://t.co/TYp01GBj9Q","1827495753389859257","https://pbs.twimg.com/media/GVyRs-2XMAAycGb.jpg","","en","","2","30","13","https://x.com/Rhoady2000/status/1827495753389859257","1311128902329196545","Rhoady2000"
"1827486551938330759","Sat Aug 24 23:58:35 +0000 2024","0","@6ix9ine Fr bro just drop the coin and stop larping lol","1827495752932679770","","6ix9ine","en","Palm Beach, FL","0","1","0","https://x.com/valueandtime/status/1827495752932679770","1293237781628702726","valueandtime"
"1827494048355025353","Sat Aug 24 23:58:35 +0000 2024","0","@thatdooddavid44 Bro ya te segu√≠ p√°samelo al privado","1827495751842181415","","thatdooddavid44","es","Bolivia","0","0","0","https://x.com/Wilber53921475/status/1827495751842181415","894432010420310017","Wilber53921475"
"1827476621219012724","Sat Aug 24 23:58:34 +0000 2024","5","@kennethstarkrl ratio lil bro","1827495749942227262","","kennethstarkrl","en","","0","1","1","https://x.com/NoName1094758/status/1827495749942227262","1767306085684113408","NoName1094758"
"1827495748696731718","Sat Aug 24 23:58:34 +0000 2024","0","ŸÅŸäŸàÿ±ŸÜÿ™ŸäŸÜÿß ÿ£ÿ™ŸÑÿ™ŸäŸÉŸà ŸÖÿØÿ±ŸäÿØ –í—Å–µ–≥–¥–∞ –ø–æ–º–Ω–∏ —á—Ç–æ —Ç—ã —Ä–æ–∂–¥–µ–Ω —á—Ç–æ–±—ã - ‚ñ¨ÿß€í⁄æŸäÿ±ÿ®‚ñ¨ÿß€í⁄æÿ±ÿ®‚ñ¨ ‚óóCNU3074‚óñ ‚ñ¨ÿ±ÿ≥Ÿäÿ≥‚ñ¨ ‚óóAA16‚óñ ‚ñ¨ÿßŸÖÿ±ŸäŸÉÿßŸÜ‚ñ¨ÿßŸäÿ¨ŸÑ‚ñ¨ÿßŸäŸÅŸÑ‚ñ¨ ‚óñMT3R‚óñ ‚ñ¨ÿ≥ŸâŸÅŸâ‚ñ¨ ‚óóSUU48‚óñ ‚ñ¨ÿπŸàÿØ‚ñ¨ŸÖŸäŸÑÿßŸÜ‚ñ¨ŸÖŸäŸÑÿßŸÜŸà‚ñ¨ ‚óóS92‚óñ ÿ¢ŸäŸÜÿ™ÿ±ÿßÿÆÿ™ ŸÅÿ±ÿßŸÜŸÉŸÅŸàÿ±ÿ™ ÿ¥ÿßŸÑŸÉŸá 1t","1827495748696731718","","","ar","Jersey","0","0","0","https://x.com/AhnIman/status/1827495748696731718","1517074022","AhnIman"
"1827410068054118505","Sat Aug 24 23:58:34 +0000 2024","0","@LethalPasquale bro please jus make yo pfp a nba or something this shit ugly asf ","1827495747320746259","","LethalPasquale","en","","0","0","0","https://x.com/JeremiahRos05/status/1827495747320746259","1093698520748646400","JeremiahRos05"
"1827488315458859238","Sat Aug 24 23:58:33 +0000 2024","0","@jujupunter Oga juju abeg send 100k bro I want to buy milk and malt. My body dey shake i no dey breathe well. @jujupunter https://t.co/aUNghCXTDP","1827495746804777330","https://pbs.twimg.com/media/GVyRsOsXsAA3nXM.jpg","jujupunter","en","","0","0","0","https://x.com/trvpstvr___/status/1827495746804777330","1769695877839360000","trvpstvr___"
"1827428759932432708","Sat Aug 24 23:58:33 +0000 2024","0","@Kleanisklean @bstategames @tarkov Little bro go play a real competitive game if you want a challenge or play on a standard account","1827495746670882919","","Kleanisklean","en","Milan, Lombardy","0","0","0","https://x.com/EbbastaKinpa/status/1827495746670882919","1131516616909426691","EbbastaKinpa"
"1827280671808844177","Sat Aug 24 23:58:33 +0000 2024","2","@5teV3n_Pe9eL Why if someone smart and rich enough why u playing ur own home back yard bro Go out there buy and build some International career out there like mas didit","1827495744749892088","","V3g3L","en","","0","0","0","https://x.com/Muhanaf/status/1827495744749892088","85536008","Muhanaf"
